seed,condition,validation_direct_rgb_corr,validation_direct_rgb_r2,test_direct_rgb_corr,test_direct_rgb_r2,test_rgb_hungarian_mcc,test_graph_edge_auroc,test_graph_shd,final_ccrl_validation_total,parameter_count,source
3407,matched_point,0.545689054266103,-4.645287036895752,0.5329675773779551,-4.385765075683594,0.5400652289390564,0.6866666666666666,7,0.024401821777224542,16902384,outputs/matched_point_control_k80_v1/formal_seed3407/diagnostic_results.json
3407,vanilla_functional,0.7780691829794271,0.22075678408145905,0.7712591091791788,0.22460699081420898,0.771259069442749,0.5533333333333333,9,0.14076620018482208,16902384,outputs/conflict_projected_physics_k80_closed_v17_seed3407/formal/diagnostic_results.json
3407,projected_functional,0.8412340381631616,0.5775877833366394,0.8364511529604594,0.5804427266120911,0.8364513516426086,0.66,6,0.20086593186855317,16902384,outputs/conflict_projected_physics_k80_closed_v17_seed3407/formal/diagnostic_results.json
3407,permuted_functional,0.26615137849244835,-18.477937698364258,0.2589615136384964,-19.075464248657227,0.3228892385959625,0.6333333333333333,7,1.0135680459340413,16902384,outputs/conflict_projected_physics_k80_closed_v17_seed3407/formal/diagnostic_results.json
42,matched_point,0.5309148847122415,-3.8983476161956787,0.5235287845134735,-3.525672197341919,0.5235289931297302,0.7666666666666667,4,0.02621089403827985,16902384,outputs/matched_point_control_k80_v1/formal_seed42/diagnostic_results.json
42,vanilla_functional,0.7911857398020153,0.27614501118659973,0.7767161130905151,0.2735655605792999,0.7767164707183838,0.6066666666666667,7,0.16601852639516196,16902384,outputs/conflict_projected_physics_k80_closed_v18_seed42/formal/diagnostic_results.json
42,projected_functional,0.8236767195182968,0.4961322546005249,0.818851888179779,0.49204376339912415,0.818852424621582,0.6066666666666667,8,0.150209840297699,16902384,outputs/conflict_projected_physics_k80_closed_v18_seed42/formal/diagnostic_results.json
42,permuted_functional,0.2695584159316137,-19.29026985168457,0.2597898195187251,-19.954483032226562,0.31586799025535583,0.6466666666666666,7,0.9290461753209432,16902384,outputs/conflict_projected_physics_k80_closed_v18_seed42/formal/diagnostic_results.json
0,matched_point,0.5548528060097666,-3.246305227279663,0.5469119052092234,-3.0894100666046143,0.5484228134155273,0.66,6,0.02659049474199613,16902384,outputs/matched_point_control_k80_v1/formal_seed0/diagnostic_results.json
0,vanilla_functional,0.7578162672671893,0.15903450548648834,0.7425464590390524,0.15760387480258942,0.7425466179847717,0.6066666666666667,9,0.08678044156233469,16902384,outputs/conflict_projected_physics_k80_closed_v18_seed0/formal/diagnostic_results.json
0,projected_functional,0.8455364975177991,0.5983039140701294,0.8394751151402792,0.5913388133049011,0.8394749164581299,0.58,10,0.20385174361864725,16902384,outputs/conflict_projected_physics_k80_closed_v18_seed0/formal/diagnostic_results.json
0,permuted_functional,0.26379624813835356,-20.280065536499023,0.26612382133801776,-20.638681411743164,0.3270485997200012,0.6066666666666667,7,0.9970123305320739,16902384,outputs/conflict_projected_physics_k80_closed_v18_seed0/formal/diagnostic_results.json
