seed,split,condition,relation3_signed_pearson,relation3_direct_r2,relation3_normalized_rmse,free2_abs_pearson,free2_direct_r2
0,validation,point,0.46044565303664226,-0.35679363164579386,1.020852543903725,0.9299283299938874,0.7481208338124069
0,test,point,0.5926197460518631,0.11431054874959597,0.8374919173127116,0.9540018777737729,0.838660804151285
0,validation,correct_relation,0.7901229172108414,0.48770668603027945,0.5343795653705699,0.979860111855195,0.9290092904554819
0,test,correct_relation,0.8189013481613451,0.6124979428067308,0.4678344257948352,0.9812562830912175,0.9400902724048088
0,validation,coefficient_permuted_relation,0.7617197391620585,0.394828441223987,0.6217259602738396,0.9847637702690715,0.9386700780476804
0,test,coefficient_permuted_relation,0.8029477199275491,0.5656965930470459,0.5294374551477982,0.9856575580635061,0.9503723513233124
0,validation,wrong_lm_to_k_relation,0.3429266328411675,-0.5973253589877111,1.2316381458355412,0.7053795629566171,0.2432629953560012
0,test,wrong_lm_to_k_relation,0.41414201705278103,-0.27722801933288516,1.106623796515562,0.7939119804942345,0.5031271540496719
0,validation,wrong_km_to_l_relation,0.7656365140083814,0.430320629788248,0.5778666819145898,0.9772381696708532,0.9078710779481483
0,test,wrong_km_to_l_relation,0.7956394633756881,0.5642248198366695,0.5177495980838946,0.9788718657417372,0.9238581387243122
42,validation,point,0.457787486124392,-0.46466080502002566,1.048412534139189,0.929974727391444,0.7328072189755463
42,test,point,0.5839737099192296,0.046542323705295874,0.8562466324649072,0.9544575638185999,0.8276316597767119
42,validation,correct_relation,0.7738904404407932,0.4049349598834859,0.571944265871932,0.9759798750777631,0.8916505798644971
42,test,correct_relation,0.804125763579764,0.5406429259828666,0.5085575723454269,0.977271087462447,0.9060854019328174
42,validation,coefficient_permuted_relation,0.769243327599419,0.4220598013504279,0.60367505473083,0.9846307225046147,0.9493149894903841
42,test,coefficient_permuted_relation,0.8064439390917482,0.5731234258682458,0.5217317531181248,0.9852331197924612,0.9565236197285979
42,validation,wrong_lm_to_k_relation,0.3495269320266757,-0.7902984538669818,1.2867623542556845,0.7527935695675365,0.3113282042041242
42,test,wrong_lm_to_k_relation,0.408502838300483,-0.4375985175990973,1.1501599970673564,0.816185687963703,0.5079871414703797
42,validation,wrong_km_to_l_relation,0.7734517492979908,0.4409381185260372,0.5760697360491521,0.9788818237295729,0.9202533493750478
42,test,wrong_km_to_l_relation,0.8042803400589086,0.5775984895286232,0.5128536743246472,0.9802404686138357,0.9267682417655452
3407,validation,point,0.7547913727177438,0.3156213928096739,0.6402981388697929,0.926223112149536,0.7437477597663729
3407,test,point,0.7884712930603283,0.49210707568398737,0.5551468701966314,0.9377556363053954,0.8230815281776256
3407,validation,correct_relation,0.7832963720806267,0.44535271392732784,0.556099001606658,0.9788487373550471,0.9365225202257232
3407,test,correct_relation,0.8113547001644493,0.5567591662116294,0.5033223319915783,0.9798979292282266,0.9419926500641467
3407,validation,coefficient_permuted_relation,0.7771561327611765,0.42847073166673405,0.5954529420960629,0.9837482377261166,0.9356746567408332
3407,test,coefficient_permuted_relation,0.8075767542023088,0.5674634532515707,0.5216290711137564,0.9843582107249733,0.9476086858398955
3407,validation,wrong_lm_to_k_relation,0.3314385258285501,-0.6324024914405374,1.243477355125311,0.6850787306830739,0.16666991294702804
3407,test,wrong_lm_to_k_relation,0.3927890410342189,-0.3326059273550049,1.1272657957215684,0.7734721212664599,0.4252373022825609
3407,validation,wrong_km_to_l_relation,0.7648657074836648,0.36803944127866167,0.6082547218812695,0.9814695761699482,0.927700164159982
3407,test,wrong_km_to_l_relation,0.7933068665938442,0.517692966247567,0.5476245253356015,0.9824266722187058,0.9375417630791456
