seed,condition,raw_direct_correlation,raw_direct_r2,full_affine_direct_correlation,full_affine_direct_r2,ccrl_validation_total
0,center_only_correct,0.9622302933928594,0.9232125282287598,0.9622036015708814,0.9233262137919956,1.0580258445739745
0,projected_physical_correct,0.8455364975177991,0.5983039140701294,0.8806127331410578,0.7455207685891813,
0,unbounded_correct,0.44481247400619184,-11.313477516174316,0.4998251646928658,0.2392081461816299,0.029391628988087178
0,tube_permuted_matched,0.20104340395996845,-0.18775160610675812,0.605094688293073,0.35361208505013647,0.13373403561115266
0,tube_correct,0.8457822109966907,0.4716978073120117,0.9022796291288158,0.8081864680869977,0.10674202005068462
42,center_only_correct,0.9622302933928594,0.9232125282287598,0.9622036015708814,0.9233262137919956,1.0580185127258301
42,projected_physical_correct,0.8236767195182968,0.4961322546005249,0.8482667723364298,0.6999720316083309,
42,unbounded_correct,0.052319769532544004,-0.21614961326122284,0.1284054365426452,-0.062044857809539944,0.10626435772577922
42,tube_permuted_matched,0.29413766852125806,-0.17868490517139435,0.6558110407651583,0.3934401632501447,0.16319253367185593
42,tube_correct,0.8476360865491085,0.48396405577659607,0.8973169597483363,0.8031361148273488,0.10630251697699229
3407,center_only_correct,0.9622302933928594,0.9232125282287598,0.9622036015708814,0.9233262137919956,1.0580149075190226
3407,projected_physical_correct,0.8412340381631616,0.5775877833366394,0.8600923359093978,0.7231593390106926,
3407,unbounded_correct,0.3656182578683537,-7.932353496551514,0.37867732752567784,0.10411387134455752,0.08969938371578852
3407,tube_permuted_matched,0.19611868771726515,-0.1821480393409729,0.5098230412705252,0.07175122831589527,0.138151407122612
3407,tube_correct,0.844403787363523,0.46119895577430725,0.8921602235169056,0.7922386815929948,0.11788221128781637
